repo_name,watch,fork,star
babelouest/ulfius,34,112,523
sdispater/pendulum,60,206,3804
kubernetes/kubeadm,135,366,1960
Linutronix/elbe,14,27,55
wolfeidau/dex,0,0,0
lyonel/lshw,11,60,93
rundeck/rundeck-cli,18,36,81
newcontext-oss/kitchen-terraform,37,117,842
TehStoneMan/BetterStorageToo,4,2,2
mukundvarma/seurat,1,0,0
FlightControl-Master/MOOSE_MISSIONS,4,14,17
jellymann/mittsu,15,24,389
keflavich/spectral-cube,1,0,1
pyta-uoft/pyta,5,28,43
e-koch/spectral-cube,1,0,0
butla/experiments,1,0,0
extemporelang/extemporelang.github.io,9,16,31
MindLeaps/tracker,1,2,5
radio-astro-tools/spectral-cube,13,42,55
AsterNET/AsterNET,35,106,121
NuGetPackageExplorer/NuGetPackageExplorer,97,294,1482
liflab/beepbeep-3,5,11,13
penrose/penrose,50,39,1759
campersau/NuGetPackageExplorer,1,0,0
ollej/brewnit,1,0,1
petobens/dotfiles,6,6,69
adrtod/adrtod.github.io,1,0,0
CruGlobal/conf-registration-web,23,0,1
emculturate/pss,1,0,0
legiongis/ead,2,1,0
Musare/MusareNode,7,4,10
dlobron/ChugBot,2,3,2
postersw/AndersonIsland,1,0,0
Diacamma2/asso,1,4,1
AreaFiftyLAN/lancie-api,11,3,5
DanielaSfregola/twitter4s,10,83,215
4refr0nt/ESPlorer,118,264,930
DBotThePony/PPM2,2,1,1
milejko/mmi,8,5,5
ximion/appstream-generator,6,16,23
jenkinsci/gitlab-plugin,60,497,1160
hiqdev/hipanel-core,6,10,30
transitlinks/web-app,1,0,1
DiligentGraphics/DiligentSamples,11,27,86
andyholmes/gnome-shell-extension-gsconnect,56,120,1364
CodingFriends/Tincta,7,8,43
radai-rosenblatt/li-apache-kafka-clients,1,0,0
glaretechnologies/blendigo,7,4,7
wcm-io/wcm-io-caconfig,17,18,10
chiara-paci/baskerville,1,0,0
GoogleCloudPlatform/getting-started-java,68,537,424
haghighi-ahmad/haghighi-ahmad.github.io,1,1,0
lys829/yiBlog,0,0,0
nycrecords/intranet,2,1,1
googlemaps/google-maps-services-java,111,799,1285
sumbad/inscriptum,2,0,1
hdecarne/certmgr,4,3,17
ustream/api-docs,29,15,0
dirkx/AccesSystem,2,2,0
whitesmith/rubycritic,49,179,2547
usgo/gocongress,10,15,17
VirgilSecurity/virgil-sdk-x,21,4,26
metaborg/mb-exec,16,2,1
GNOME/dconf-editor,9,6,18
kaliber5/ember-bootstrap,20,171,451
octokit/octokit.rb,214,1052,3236
eaudeweb/lcc-toolkit,9,2,2
terrencepreilly/darglint,6,12,104
tosca/LisaEhrich,2,0,0
ZubovVP/ZubovVP,0,0,0
ewxrjk/rsbackup,5,3,11
brodeau/aerobulk,2,6,7
fauzanooor/fauzanooor.github.io,1,0,0
Fody/Anotar,15,42,161
MISP/misp-modules,42,142,152
SUPERCILEX/Robot-Scouter,15,35,91
krithikasivaram/krithikasivaram.github.io,1,1,3
jboz/living-documentation,2,4,10
tokushima/ebi,0,2,9
coverclock/com-diag-hazer,1,2,2
jobovy/apogee,7,22,28
gocql/gocql,79,468,1787
EpicEricEE/ShopChest,7,33,34
oyamad/QuantEcon.py,3,0,0
hantsy/spring-reactive-sample,64,236,695
typiconman/ponomar,9,6,17
wordpress-mobile/AztecEditor-iOS,28,78,323
laszlodaniel/ChryslerCCDSCIScanner,10,4,12
CanisLupus/swift-selection-search,11,7,94
DeforaOS/Phone,1,0,0
micro/go-plugins,67,333,1205
kislyuk/aegea,6,13,38
xfce-mirror/xfburn,1,2,5
theforeman/foreman_openscap,9,62,28
jeromeetienne/AR.js,578,2077,14852
Turasa/libsignal-service-java,7,8,12
OCA/project,101,420,110
dbs/reveal.js,2,0,0
hakimel/reveal.js,1557,14693,50819
miled/wordpress-social-login,55,234,363
10xEngineer/reveal.js,1,0,0
wielebenwir/commons-booking,8,10,18
electricbookworks/electric-book,5,26,64
Arvtesh/UnityFx.Async,16,10,125
dkzwm/SmoothRefreshLayout,29,193,987
dnanexus-rnd/GLnexus,14,19,48
MaxLeiter/lounge,1,0,0
OCA/manufacture,74,238,73
QoboLtd/cakephp-groups,14,1,6
smcgov/ohana-api-smc,2,0,0
spundhir/ChIP-seq,1,1,1
manokhinv/manokhinv.github.io,1,0,0
dgraph-io/gru,32,8,40
elboulangero/goodvibes,5,5,52
nansencenter/rosetta,7,0,1
ashthespy/Atom-LaTeX,3,1,6
jakepoz/RepDev,24,13,24
Catel/Catel.Fody,6,6,17
liabru/matter-js,234,1123,9854
metaborg/mb-rep,14,4,1
ASCIT/donut,19,0,2
github/hub,476,2015,19319
apache/creadur-rat,12,21,8
Falmouth-Games-Academy/bsc-assignment-briefs,6,16,1
yandex/yandex-tank,82,222,1851
johntruckenbrodt/pyroSAR,20,40,187
cocosip/DotCommon,1,2,7
ruslo/polly,44,174,681
qrac/musubii,7,4,95
m4b/goblin,16,65,440
schmittjoh/serializer,46,531,1830
ThosRTanner/inforss,1,0,4
sw1nn/dotfiles,3,0,5
TravelModellingGroup/XTMF2,2,2,3
dotnetcore/CAP,280,735,3601
KhaosT/HAP-NodeJS,177,612,2268
konstantinos-papadopoulos/PID-BO-CONTROLLER,1,0,0
JobService/job-service,9,2,1
KirillOsenkov/MSBuildStructuredLog,39,95,842
mkl-public/testarea-pdfbox2,7,15,25
nonoBruce/AFNetworking,0,0,0
CortexPE/TeaSpoon,34,91,129
eugeis/ee,1,0,0
o19s/elasticsearch-learning-to-rank,75,240,980
Fuco1/smartparens,31,143,1288
josiahcarlson/redis-in-action,133,992,1690
nicholasclark-artist/DCG,14,8,24
theflyingape/dankdomain,5,2,15
chbatey/akka-persistence-cassandra,0,0,0
firebase/firebase-admin-dotnet,67,56,129
wikimedia/mediawiki-extensions-FlaggedRevs,6,5,8
BynaryCobweb/world,2,1,7
python-cmd2/cmd2,16,62,261
nicolas-grekas/polyfill,1,0,0
composer/packagist,84,409,1373
symfony/polyfill,37,81,434
richardlehane/siegfried,21,12,97
caesar0301/warp-drive,1,2,6
AliTVTeam/AliTV,9,9,39
alcalino78/frontbuilder-2017,1,0,1
IHTSDO/release-validation-framework,14,13,5
hasgeek/hasjob,28,83,210
mdisalvo/grndctl,1,1,0
lale-help/lale-help,20,13,23
HackerFoo/poprc,8,4,108
cihologramas/pyoptools,10,18,53
yidongnan/grpc-spring-boot-starter,97,399,1311
ramezquitao/pyoptools,0,0,0
EdwardBetts/osm-wikidata,12,11,49
instedd/planwise,8,3,16
DoFabien/OsmGo,6,5,27
mate-desktop/mate-power-manager,15,43,38
femmehacks/femmehacks.github.io,3,3,0
weaondara/BungeePerms,11,41,31
kunal-pmj/vsphere-automation-sdk-java,0,0,0
Barracuda09/SATPI,24,17,80
google/OpenSK,77,110,1602
flavoi/diventi,1,0,1
HAOzj/Classic-ML-Methods-Algo,1,7,32
olsonanl/bootstrap,1,1,0
thephpleague/commonmark,34,115,1397
aaron-reeves/ar_general_purpose,1,0,0
jshun/ligra,31,92,262
lukas/ml-class,62,812,1466
weopendata/medea,1,0,0
Netflix/EVCache,428,185,1340
mbordas/qualify,3,1,1
ministryofjustice/cla_frontend,40,2,1
JosueSantos/josuesantos.github.io,1,0,0
freezy/dmd-extensions,10,26,31
wilsonmar/git-utilities,4,129,78
jsxc/jsxc,71,210,507
silverbackstudio/_svbk,2,0,0
google/binexport,45,119,441
cblichmann/binexport,4,1,12
csvconf/csvconf.com,12,33,57
spinnaker/front50,80,476,44
android/views-widgets-samples,66,524,1226
TrackerSB/Green2,1,0,0
baukh789/GridManager,24,68,366
clamburger/vidya-gaem-awards,4,3,3
onyxbits/raccoon4,25,58,273
csdahlberg/CodeTiger.CodeAnalysis,1,1,1
OCA/stock-logistics-workflow,85,316,87
GNOME/meld,37,174,581
qcode-software/qcode-tcl,3,1,6
Aquerr/EagleFactions,7,10,25
Esri/arcgis-runtime-demos-dotnet,35,84,40
BrainJS/brain.js,278,846,10850
dsp-jetpack/JetPack,20,46,21
pythonindia/junction,25,146,142
bobwallis/Blueline,3,1,10
wpquads/quick-adsense-reloaded,4,9,7
googlemaps/android-maps-utils,197,1393,3014
notwaldorf/notwaldorf.github.com,3,14,22
alphagov/collections,32,3,1
ralish/dotfiles,3,4,38
cea-hpc/modules,30,51,234
craws/OpenAtlas,5,6,16
russellhancox/santa,3,1,4
hdecarne/certmgr,4,3,17
FNNDSC/ChRIS_ultron_backEnd,10,19,11
wonderpush/wonderpush-ios-sdk,11,7,2
wikimedia/mediawiki-extensions-CentralAuth,6,13,10
rjbain/dgreat,5,0,1
google/santa,143,215,3093
okhosting/OKHOSTING.UDG,4,0,0
mikacousin/olc,2,0,0
skaes/logjam-tools,5,6,6
google/riscv-dv,51,93,250
MTG/sms-tools,164,553,1018
davidkpiano/xstate,158,413,10834
Azure/go-autorest,54,109,107
Cognifide/APM,53,13,43
mopidy/mopidy,219,626,6388
kmzbrnoI/hJOPpanel,1,0,2
google/badwolf,67,65,889
Skatteetaten/boober,13,3,17
AlexSZYDLO/Qt-ASN1,1,0,2
imolorhe/altair,33,102,2123
IDgis/geoportaal,8,0,1
MichaelRocks/libphonenumber-android,12,37,314
jcmoraisjr/haproxy-ingress,25,170,571
fracpete/python-weka-wrapper3,3,14,63
misken/hillmaker,2,0,2
xuxueli/xxl-job,877,5612,13089
gsuberland/ChemionHacking,4,2,9
pivotal-cf-experimental/datadog-config-oss,136,22,27
jpmml/jpmml-sklearn,19,86,371
omega-gg/MotionBox,4,2,38
xidian-rs/Ruisi,21,61,170
TermiT/Flycut,42,160,1419
NightlySide/nightlyside.github.io,1,0,0
bow-paris/bow-paris.github.io,11,6,12
manns/pyspread,30,64,331
egzosn/pay-java-parent,124,604,1446
ossimlabs/ossim-oms,13,3,2
enviriot/EnviriotSW,1,1,0
stitchfix/flotilla-os,57,8,146
arnovb-github/CmcLibNet,1,0,0
italia/developers.italia.it,26,49,115
bioconda/bioconda-utils,66,77,55
MicrochipTech/unicens-linux-daemon,4,9,4
samuelcolvin/pydantic,48,238,2599
Fantomas42/django-blog-zinnia,134,732,1955
YorickPeterse/oga,33,40,1139
BerserkerDotNet/Ether,2,3,0
idb-project/the-idb,3,8,10
rbns/the-idb,2,0,1
MagiaSN/honko-damagecalc,1,0,0
ToyAuthor/ToyBox,0,0,2
Jean-Romain/lidR,46,57,218
j1rie/IRMP_STM32,4,6,11
Digus/StardewValleyMods,1,11,3
ngld/knossos,12,14,23
Eugeny/terminus,244,573,13244
MjnMixael/knossos,1,0,0
dreamchess/dreamchess,10,13,37
zhengxiexie/blog,1,0,0
ministryofjustice/apvs-internal-web,14,1,3
ektrah/nsec,20,28,179
ioBroker/ioBroker.web,10,11,32
joindin/callingallpapers-cli,5,3,3
michaelrsweet/epm,5,22,12
ubermichael/wphp,1,0,0
jnunemaker/flipper,35,242,2137
hannesa2/panoramagl,12,35,98
sfu-dhil/wphp,1,8,0
helderman/htpataic,7,2,8
socializer/socializer,15,13,44
brain-tec/sale-workflow,8,8,0
SpoinkyNL/Artemis,27,38,291
acsone/sale-workflow,17,0,0
jacobtomlinson/opsdroid,1,0,1
yahoojapan/NGT,29,52,442
Dynatrace/superdump,30,49,327
dair-ai/dair-ai.github.io,5,5,21
summernote/summernote,329,1965,9329
emuse/qmidiarp,4,1,6
inwx/WHMCS,10,7,6
UCSBarchlab/PyRTL,25,36,100
codebar/planner,16,174,66
GoogleContainerTools/kpt,21,16,51
despo/planner,1,0,0
graham22/SkyeTracker,2,3,7
Esri/workflowmanager-viewer-js,30,25,21
3F/DllExport,46,59,402
katemonster33/CDJPScanMaster,12,4,12
horsicq/nfdx64dbg,11,23,94
tsavola/gate,5,5,71
Minres/SCViewer,6,1,3
hurwitzlab/elm-imicrobe-spa,12,2,9
FabioRosado/opsdroid,1,0,0
opsdroid/opsdroid,23,264,413
Smithay/smithay,30,30,330
jbaicoianu/janusweb,10,16,58
webmproject/sjpeg,8,3,34
Martchus/tageditor,15,15,163
matematikk-mooc/frontend,4,4,6
GetmeUK/ContentTools,134,393,3699
liushapku/zsh,1,0,0
makinacorpus/Leaflet.Spin,33,44,99
mozilla/normandy,26,50,42
montsuqi/monsiaj,9,2,5
menyouping/jw,4,4,20
brain-tec/server-tools,10,6,1
hawtio/hawtio,121,472,1133
CocoaPods/Xcodeproj,45,369,1650
SalesforceFoundation/Volunteers-for-Salesforce,49,92,66
floooh/fips,22,62,307
mohan2020/w2hsite,1,3,0
google/flogger,61,90,1176
open-synergy/opnsynid-hr,3,12,2
pydata/conf_site,12,11,11
Bergvca/bergvca.github.io,2,2,1
Diacamma2/syndic,5,7,9
michaelatmender/gui,1,0,0
DeforaOS/Browser,1,2,1
s3inlc/hashtopolis,55,112,658
manifoldco/grafton,24,2,11
Normation/rudder-tools,7,17,7
google/cloudprober,31,111,1067
Abjad/ide,3,0,4
mylxsw/wizard,25,135,828
jotego/jt51,7,5,30
QoboLtd/cakephp-translations,12,0,1
ianomad/ianomad.github.io,1,0,0
OpenModularTurretsTeam/OpenModularTurrets,14,26,39
fr3ts0n/AndrOBD,49,127,406
matterhorn-chat/matterhorn,16,45,660
AlexFalappa/nb-springboot,10,19,95
chrovis/cljam,9,6,67
bug400/pyilper,2,3,8
e154/smart-home-configurator,2,0,1
CenterForTheBuiltEnvironment/comfort_tool,12,20,50
CenterForOpenScience/ember-osf,10,34,14
clappr/clappr-ios,74,30,104
brianhonohan/sketchbook,1,0,0
volak/Aggregates.NET,31,45,210
DiligentGraphics/DiligentEngine,73,118,1055
Sylius/Core,9,9,9
SDraw/run-on-coal,7,4,42
buildkite/docs,14,111,12
TulevaEE/onboarding-service,7,6,17
SvenKortekaas/brandweeruitgeest.nl,1,0,1
CodeCrafter47/BungeeTabListPlus,8,49,66
ncannasse/castle,23,37,278
zhongxunking/configcenter,5,36,38
tsl0922/ttyd,99,380,2577
1001genomes/AraGWAS,5,5,9
Nebulis/blog,1,0,0
wcm-io-devops/conga,11,4,4
deepmind/bsuite,55,111,934
nkjm/bot-express,6,29,79
filipvanlaenen/sapor,1,1,1
bung87/vscode-rails,2,6,23
FH-Complete/FHC-AddOn-Bewerbung,14,0,2
bit-bots/imagetagger,20,37,133
c4software/bts-sio,2,2,5
AlexLevkovich/QPacman,1,0,1
zheng-wang/irontest,7,9,19
Brotcrunsher/BrotboxEngine,8,4,14
ebroecker/canmatrix,62,194,367
roxberry/roxberry,1,0,1
ConvertKit/ConvertKit-WordPress,24,4,3
Shopify/shipit-engine,239,95,1009
acorg/acmacs-map-draw,4,0,0
andersroos/rankedftw,4,5,41
timber/timber,123,442,4381
chadmv/cmt,26,29,114
wikimedia/mediawiki-extensions-CentralNotice,8,4,11
taoliu/MACS,54,201,390
RobotWebTools/rclnodejs,23,29,77
pierobot/mangapie,11,5,36
MajorMajor0/Robin,0,1,3
sdl/groupsharekit.net,10,17,11
spinnaker/spin,46,109,87
jorisvink/kore,163,310,3292
farseerfc/pelican-plugins,2,3,3
mendix/UnitTesting,16,7,1
watchdogpolska/feder,8,4,7
Tarsnap/tarsnap-gui,16,19,227
vscode-icons/vscode-icons,58,482,2307
tscheffert/dotfiles,0,2,3
JimiC/vscode-icons,2,0,0
wirecard/magento2-ee,14,17,6
sagiegurari/cargo-make,9,38,529
libgit2/rugged,72,264,1997
Workshell/pe,2,2,9
mtennekes/tmap,24,79,390
awesto/django-shop,142,778,2131
jenkinsci/kubernetes-plugin,76,886,1532
Kingcom/armips,28,47,188
rishigiridotcom/rishigiri.ml,2,0,1
brilliang/env_conf,1,1,5
hardbyte/python-can,51,216,402
biocommons/hgvs,18,53,115
trimox/angular-mdc-web,32,79,505
3-form/ceilings,6,7,0
vaadin/vaadin-grid,37,153,368
itpp-labs/website-addons,24,261,88
wirecard/paymentSDK-php,20,17,33
dotnet-presentations/aspnetcore-app-workshop,53,249,429
MPIB/Lagerregal,6,6,13
platypii/BASElineFlightComputer,3,3,18
Effective-Quadratures/Effective-Quadratures,9,41,45
carrolltonmanor/carrolltonmanor.github.io,1,0,0
emlai/delta,1,0,0
auth0/node-auth0,85,218,356
googlefonts/glyphsLib,29,33,72
EFForg/action-center-platform,35,51,201
Hub-of-all-Things/Rumpel,5,5,8
MultinetInteractive/EduAdmin-WordPress,7,7,1
savoirfairelinux/ring-client-macosx,9,4,14
sjdayday/simulated-motion,1,0,0
jikamens/send-later,1,13,16
DbUp/DbUp,84,379,1171
duetosymmetry/web-site,1,3,4
DarvinStudio/DarvinAdminBundle,3,1,1
szufang/szufang.github.io,0,0,0
meine-stadt-transparent/meine-stadt-transparent,5,5,19
akashic-games/akashic-engine,26,7,60
rncbc/samplv1,8,2,19
Klaital/vitasa-web,2,0,0
ozfortress/citadel,8,17,15
thezimmee/os-zimmee,0,0,0
Brightspace/d2l-my-courses-ui,27,5,1
raspberrypisig/raspberrypisig.github.io,2,1,0
MilanAryal/milanaryal.github.io,4,14,31
Netcentric/accesscontroltool,35,59,101
SnowmanTackler/SamSeifert.Utilities,3,0,1
opmuse/opmuse,2,0,5
twigphp/Twig,239,1103,6781
sebastiencaille/sky-lib,1,0,0
android/architecture-components-samples,793,5521,16469
owncloud/music,108,157,310
siteorigin/so-css,5,6,33
paulijar/music,1,0,1
mdn/interactive-examples,26,244,311
sudheerj/generator-jhipster-primeng,15,25,114
rncbc/drumkv1,7,4,17
fangsonghub/fangsonghub.github.io,1,0,0
TheEngineRoom-UniGe/OWLOOP,5,5,4
blackbbc/Tucao,32,192,944
accumulator/Quickddit,5,12,32
i-net-software/JWebAssembly,33,21,282
firebase/firebase-admin-python,92,132,431
wikimedia/mediawiki-extensions-MultimediaViewer,8,8,19
mad-lab/transit,6,8,7
internetarchive/bookreader,47,212,486
varqox/simlib,1,2,1
retorquere/zotero-better-bibtex,48,125,1364
telemark/minelev-web,6,1,0
EvictionLab/eviction-maps,3,3,16
toolkit-for-ynab/toolkit-for-ynab,52,180,842
android/wear-os-samples,27,95,96
Nike-Inc/cerberus-lifecycle-cli,12,5,15
authentic-theme/authentic-theme,74,156,820
takuya-takeuchi/Demo,2,27,8
jskeet/DemoCode,46,166,316
windup/windup-rulesets,9,42,9
mackerelio/mackerel-agent-plugins,39,133,213
lukecampbell/compliance-checker,1,0,0
NIVeriStandAdd-Ons/Diagnostics-Custom-Device,13,1,4
gombaszog/gombaszog.sk,4,3,0
Cryru/Emotion,7,5,19
igm-team/atav,0,1,0
ocefpaf/compliance-checker,1,0,0
hmemcpy/milewski-ctfp-pdf,247,355,7123
rauc/rauc,33,92,258
chocolatey/package-validator,13,25,26
gep13/package-validator,1,0,0
wmayner/pyphi,34,59,210
FPGAwars/icestudio,82,121,718
magmaOffenburg/RoboViz,7,17,30
sudo-suhas/elastic-builder,14,25,297
shonumi/shonumi.github.io,6,2,5
kaltura/playkit-android,33,23,22
texastribune/scuole,13,0,1
Rvn0xsy/rvn0xsy.github.io,0,5,7
libcheck/check,35,127,589
nextstrain/auspice,19,70,160
bazelbuild/rules_go,61,327,688
pspete/psPAS,32,36,95
jrialland/parserjunior,1,1,0
data-integrations/google-cloud,6,29,13
AlbanAndrieu/nabla-servers-bower-sample,1,1,1
JustinWingChungHui/okKindred,5,6,5
williamngan/pts,58,123,3760
jlongster/blog,31,85,1232
wwwouaiebe/leaflet.TravelNotes,1,5,11
MyCoRe-Org/MyVidCoRe,8,0,3
zcobell/MetOceanViewer,7,6,11
symfony/http-foundation,39,229,7297
ioos/compliance-checker,25,42,47
SwifterSwift/SwifterSwift,239,1032,8228
IS-ENES-Data/esgf-pid,6,5,1
ubuntu/ubuntu-make,68,143,988
esprange/kleistad,0,0,0
Physwf/physwf-x-lab,1,0,0
phpMussel/phpMussel,32,77,305
chrys87/fenrir,9,6,17
joesgordon/soh,1,0,0
geraldbaeck/NIUsLittleHelper,9,7,5
MusikAnimal/pageviews,15,28,69
hamlet-io/engine,3,5,4
masneyb/gftp,2,3,2
openxc/openxc-android,69,113,202
adaltas/node-nikita,12,13,47
MichaCo/DnsClient.NET,16,67,273
JPGlaser/Tycho,4,1,1
students-alumni-cell-iitkgp/sac,4,16,5
fujiwarat/ibus-anthy,4,5,19
censusreporter/censusreporter,43,120,473
NikolayIT/ASP.NET-MVC-Template,40,87,363
viper-framework/har2tree,1,5,2
maxtoroq/XCST-a,1,0,3
bk138/multivnc,8,23,71
nathanhollows/ti.mba,1,0,0
bvaughn/react-virtualized,257,2281,18555
OpenHumans/open-humans,14,22,45
shadowsocks/shadowsocks-windows,2594,15517,48506
swaywm/sway,256,578,7293
achamely/omniwallet,2,0,0
OmniLayer/omniwallet,57,170,275
bazelbuild/rules_docker,56,312,539
gdi-by/downloadclient,6,6,8
Dance-Marathon/DM-Website,10,1,2
torrentelinux/torrentarium,1,0,0
googleapis/api-linter,6,28,102
frkasper/MacroUtils,10,5,23
marcelotto/rdf-ex,6,2,51
huoshan12345/FclEx,0,1,3
codeforamerica/ohana-api,43,170,165
thredded/thredded,28,184,1187
ariya/phantomjs,1177,5762,27437
blue-yonder/turbodbc,34,48,385
dondi/GRNsight,6,8,12
auth0/Lock.Android,50,63,117
square/certigo,43,40,498
hazelgrove/hazel,11,17,241
Gallery-of-Kaeon/Kaeon-FUSION,1,0,12
runescapejon/AdventureBackpack2,9,9,16
mlomb/OrbitEngine,2,1,12
innovad/4mila,1,0,2
loouislow81/loouislow81.github.io,0,0,0
open-eid/DigiDoc4-Client,19,16,50
trflynn89/libfly,1,0,0
dbahat/conventions,2,1,2
coreinfrastructure/best-practices-badge,56,132,836
mendhak/gpslogger,119,493,1157
ng-lightning/ng-lightning,37,110,815
arsenetar/dupeguru,82,203,1318
getgauge/html-report,27,22,20
M66B/NetGuard,235,594,2601
dteviot/WebToEpub,16,22,121
liip/LiipImagineBundle,74,362,1305
sassoftware/saspy,44,104,206
MonkAlex/MangaReader,4,4,11
michael-simons/biking2,23,71,152
ambros-gleixner/rubberband,3,0,2
craigbarnes/dte,12,5,87
next-l/enju_circulation,4,2,3
datacarpentry/datacarpentry.github.io,18,64,63
City-of-Helsinki/kerrokantasi,9,12,6
OCA/social,61,264,46
EsriJapan/arcgis-dev-resources,17,40,6
amzn/amazon-payments-magento-2-plugin,30,50,58
DiligentGraphics/DiligentTools,5,17,20
rtfeldman/node-test-runner,14,61,124
CreativeMD/CreativeCore,4,7,9
Originate/git-town,38,64,1774
voyages-sncf-technologies/hesperides-gui,12,12,10
openforis/collect-earth,13,10,24
ngthuc/ngthuc.github.io,1,0,0
danap/lindyframe,1,0,1
wsv-accidis/sjoslaget,1,0,1
mochajs/mocha,406,2616,19141
OTHRegensburgMedieninformatik/SPL-for-C,3,1,2
smartboxgroup/integration-framework-bundle,12,4,7
leesavide/abcm2ps,9,18,45
itchio/butler,22,24,346
LogSentinel/logsentinel-java-client,5,3,0
jeisfeld/RandomImage,1,0,0
hmcts/cmc-legal-rep-frontend,77,0,3
seleniumbase/SeleniumBase,88,311,1419
hellodk/hellodk.github.io,1,0,0
movidius/ncappzoo,117,353,822
frmr/frmr.github.io,1,0,0
GlitchCog/ChatGameFontificator,8,7,51
onevcat/Kingfisher,333,1793,15860
AAChartModel/AAChartKit,66,591,3798
ngsxfem/ngsxfem,7,8,21
alacritty/alacritty,341,1039,21348
lausser/check_nwc_health,31,71,114
billvaglienti/ProtoGen,3,7,9
rururutan/hoot-patches,1,1,0
IsaacChanghau/IsaacChanghau.github.io,1,0,0
siteorigin/siteorigin-panels,54,188,564
ClintonMorrison/personal-website,1,0,0
perobertson/dotfiles,1,1,0
darakeon/dfm,1,0,12
pinterest/rocksplicator,34,69,366
skyfielders/python-skyfield,45,104,435
kaushik94/tardis,0,0,0
appearhere/bloom,12,9,51
Slazanger/SMT,12,9,45
jungmannlab/picasso,14,13,36
ikben/troposphere,1,0,0
terrafx/terrafx,10,8,40
KLIANS/chenguoliang.github.io,1,1,0
klenin/cats-main,10,28,30
cloudfoundry/java-buildpack,103,2585,367
dgraph-io/badger,244,593,7451
project-oak/oak,29,36,528
flacon/flacon,17,19,190
Sucuri/sucuri-wordpress-plugin,9,24,37
MacPass/MacPass,223,391,5349
ngageoint/geopackage-mapcache-ios,17,7,19
edertone/TurboDepot,1,0,1
cixtor/sucuri-wordpress-plugin,1,2,0
paulbrzeski/kamigen,1,0,0
oragono/oragono,27,58,881
stonewell/wxglterm,2,4,8
lkorigin/laniakea,3,4,9
ecmadao/hacknical,33,113,1356
ros-agriculture/ros-agriculture.github.io,12,1,11
PreibischLab/BigStitcher,8,11,27
kiboit/phast,3,0,20
MichaelB7/pgn-extract,4,3,9
luongchung/luongchung.github.io,0,1,0
RadicalFx/Radical.Windows,5,2,2
rei/rei-cedar,33,11,57
badoo/Chatto,120,559,4059
chrisj42/minicraft-plus-revived,26,32,91
DaveAckley/T2-12,2,0,5
stoodkev/SteemPlus,6,29,27
KabOOm356/Reporter,1,1,1
janvernieuwe/grumphp,1,0,0
splunk/splunk-sdk-python,96,266,441
redhat-cip/dci-control-server,26,8,14
GumTreeDiff/gumtree,25,102,369
google/go-containerregistry,28,143,606
inkle/ink,119,266,2099
cogstat/cogstat,2,3,4
akveo/react-native-ui-kitten,126,694,6101
deepmind/sonnet,469,1199,8277
cloudfoundry-community/jboss-buildpack,17,28,13
intracer/scalawiki,5,11,24
MTDdk/jawn,3,1,9
Strider-CD/strider,132,434,4405
spel-uchile/SUCHAI-Flight-Software,20,9,14
alphagov/transition,86,11,5
OData/odataorg.github.io,34,84,44
frdl/webfan,1,0,0
openfarmcc/OpenFarm,62,175,692
Rebilly/rebilly-php,25,17,11
OpenNumismat/open-numismat,8,10,27
mate-desktop/mate-terminal,21,53,76
puppetlabs/pxp-agent,153,48,15
Colinax/Fraggy-Backend-Theme,2,1,0
Yubico/yubico-piv-tool,41,61,145
tardis-sn/tardis,28,225,87
jaruba/PowderPlayer,49,95,514
cessen/psychopath,15,4,107
Softmotions/iowow,9,8,179
AlmasB/FXGLGames,13,110,198
mtaylor-semo/163,1,0,0
jsingh41/jsingh41.github.io,1,3,2
cloudtools/troposphere,195,1251,4047
mmbell/samurai,7,3,5
datacite/bracco,2,2,5
CityOfZion/neon-wallet,113,324,1017
EtlamGit/minutor,1,0,0
xfce-mirror/parole,0,4,7
twisted/axiom,8,14,14
lou1306/lou1306.github.io,1,0,0
rsolomakhin/rsolomakhin.github.io,8,33,16
mrkite/minutor,22,39,144
XoopsModules25x/tdmdownloads,10,5,3
mariospr/frogr,1,0,0
GNOME/frogr,2,2,11
gentoo-mirror/gentoo-zh,4,1,3
matus-chochlik/various,2,0,0
z4kn4fein/stashbox,10,8,75
beyondgrep/ack3,13,27,205
Syncplay/syncplay,29,87,595
katef/libfsm,16,20,144
agrc/deq-enviro,7,1,3
goodpaperman/apue,1,0,0
JimSeker/googleplayAPI,3,6,6
phanan/koel,343,1388,11274
Gekkio/mooneye-gb,35,25,477
AltSchool/django-allauth,25,0,0
rogerturner/HTM-scheme,4,0,6
DemocracyLab/CivicTechExchange,25,16,28
FAForever/faf-java-api,7,22,12
textlint/textlint,42,83,1566
openSUSE/linuxrc,23,33,9
sdaubert/packetgen,9,7,69
HewlettPackard/oneview-puppet,13,8,8
ControlzEx/ControlzEx,44,68,425
getpatchwork/patchwork,18,49,153
OskarStark/EasyAdminBundle,0,0,0
xieguigang/SMRUCC.WebCloud,1,1,1
wwmm/pulseeffects,65,91,1361
mwales/education,1,0,0
richardcornish/richardcornish,1,0,0
fifilyu/fifilyu.github.io,2,0,0
dokku/dokku,389,1539,18886
liqd/adhocracy4,15,5,51
kzampog/cilantro,35,91,394
magnetophon/.dot,1,0,1
zettsu-t/cPlusPlusFriend,1,1,7
hyperquantum/PMP,2,0,3
django-extensions/django-extensions,114,947,4692
CanonicalLtd/subiquity,38,45,140
JohannesPfeifer/DSGE_mod,52,154,152
dadoonet/fscrawler,73,192,742
brianonn/dotfiles,1,0,0
TechReborn/RebornCore,13,38,33
gruntwork-io/terragrunt,91,473,3635
samchon/tstl,15,28,299
jonathf/chaospy,21,60,185
opensemanticsearch/open-semantic-search-apps,8,26,50
libsmelt/Simulator,3,0,2
interuss/dss,16,38,53
http4s/blaze,26,38,248
bheisig/i-doit-api-client-php,3,5,10
emgarten/Sleet,8,27,154
ittooo66/myAHK,2,0,1
lingochen/wings3d,2,1,6
mockito/shipkit,14,33,140
juanda99/arasaac-frontend,0,0,6
Cat5TV/nems-migrator,3,1,2
openstack/storlets,15,7,39
Cacti/plugin_thold,30,44,41
yeti-platform/yeti,92,191,848
google/styleguide,1283,8656,23830
BBN-Q/Auspex,11,9,18
sklintyg/minaintyg,17,0,0
phpro/grumphp,84,297,3155
uktrade/data-hub-frontend,19,4,3
wtsi-npg/npg_irods,3,11,2
uti7/foo,1,0,0
noboomu/proteus,10,13,158
cryptomator/cryptofs,11,24,52
mgechev/codelyzer,55,215,2273
dvdvideo1234/TrackAssemblyTool,4,2,7
yrccondor/mdx,16,59,470
UdaraAlwis/Xamarin-Playground,18,118,140
activescaffold/active_scaffold,29,328,990
sokratis12GR/ArmorPlus,12,19,20
HotelsDotCom/waggle-dance,21,18,86
Hiroyuki-Adachi/farm2,2,0,0
btamilselvan/tamils,1,0,0
DanieleDeSensi/nornir,1,1,1
nspire-emus/firebird,30,35,306
react-native-community/react-native-svg,88,601,4448
poooi/poi,106,356,1423
ngircd/ngircd,18,48,260
Theophilix/event-table-edit,13,7,10
EdwinVW/pitstop,81,224,477
merenlab/web,2,21,6
xmrig/xmrig-proxy,57,211,307
angular/flex-layout,185,614,4734
nodeca/nodeca.core,9,6,11
ultraq/redhorizon,1,4,3
jpaoletti/java-presentation-manager-2,1,1,1
hh-italian-group/h-tautau,7,5,1
sgotti/stolon,1,0,1
gadsbyfly/PyBioMed,4,19,35
crownedgrouse/geas,9,2,87
sorintlab/stolon,99,297,2685
stephanenicolas/toothpick,31,112,986
cloudant/python-cloudant,106,37,133
aerogear/aerogear-unifiedpush-server,69,220,415
rayliao/rayliao.github.io,1,0,0
secondsun/aerogear-unifiedpush-server,1,0,0
nicejeremy/nicejeremy.github.io,1,1,0
KDE/juk,2,2,9
ElunaLuaEngine/Eluna,37,169,180
lykqnbz/lykqnbz.github.io,0,1,0
Cacti/plugin_flowview,14,6,10
JiHong88/SunEditor,15,61,244
AjuntamentdeBarcelona/decidim-barcelona,27,18,53
teiniker/teiniker-lectures-securedesign,1,0,1
appknox/irene,5,6,13
OskarStark/SonataMediaBundle,1,0,0
cronvel/terminal-kit,24,121,1707
adhuc-projects/cena,1,0,1
MoleskiCoder/EightBit,2,0,6
telefonicaid/perseo-fe,18,22,6
abelfunctions/abelfunctions,9,12,13
riemann/riemann,171,513,3895
mgvez/freestone-frontend,5,0,0
unfiltered/unfiltered,30,118,708
TNG/junit-dataprovider,26,35,211
kawansoft/aceql-http-gui,2,0,0
nawawi/openstack,1,0,0
wisechengyi/intellij-pants-plugin,1,0,0
rjwut/ian,8,2,7
Openand-I/haveged,2,0,3
ExPixel/Pyrite,1,1,12
SylvainCorlay/ipywidgets,2,1,1
prebid/prebid-mobile-ios,16,39,21
pacomus/roboblocks,0,0,0
siteorigin/vantage,7,15,52
phpMv/phpMv-UI,5,5,28
publify/publify_core,2,3,1
gitpython-developers/GitPython,103,614,2647
Kevin-Huang-NZ/notes,1,0,0
react-cosmos/react-cosmos,71,260,6039
comsechq/sugar,4,1,1
MIPT-ILab/mipt-mips,19,115,184
mikepenz/Android-Iconics,163,582,4545
mozilla-services/tecken,5,15,19
openSUSE/libstorage-ng,20,23,17
dereuromark/cakephp-tools,42,146,311
phetsims/ph-scale,18,2,0
kieranjol/IFIscripts,18,27,37
emacsmirror/flycheck,0,0,2
mtu-most/franklin,13,17,38
jjdejong/phpip,7,6,8
tnodir/fort,3,6,24
flot/flot,300,1575,5774
datatheorem/TrustKit,56,195,1300
BNUCNL/FreeROI,11,15,12
sunshineDrizzle/FreeROI,1,0,0
KostyaSha/github-integration-plugin,118,73,75
PKRoma/RestSharp,0,0,1
WorkerFramework/worker-framework,6,4,6
davechurchill/commandcenter,30,98,433
handmadecode/quill,1,2,2
Lattyware/massivedecks,11,21,128
OpenConext/OpenConext-manage,7,5,4
cahirwpz/demoscene,15,8,55
zoff99/ToxBlinkenwall,3,5,10
Silmathoron/NNGT,2,5,4
lynix94/orca-lang,5,0,25
cloudfoundry-community/tomee-buildpack,34,25,14
WolfgangFahl/Mediawiki-Japi,5,5,9
wikimedia/mediawiki-extensions-AbuseFilter,6,10,17
BryanWilhite/SonghayCore,0,0,0
ohsu-comp-bio/funnel,17,19,75
aarpon/obit_annotation_tool,1,1,0
EddyVerbruggen/nativescript-plugin-firebase,49,370,896
rsalmaso/django-allauth,1,0,0
sjohaar/mypage,0,0,0
pennersr/django-allauth,188,1858,5309
lanhuaguizha/Christian,2,0,1
sonata-project/SonataMediaBundle,49,467,394
pantsbuild/intellij-pants-plugin,28,47,64
Fresnoy/kart,4,2,1
bite-your-idols/Gamestarter,22,34,202
Bleyddyn/malpi,1,0,2
PioneerCode/pioneer-blog,6,15,41
philwareham/textpattern-classic-admin-theme,3,1,5
AlekseyBuzmakov/FCAPS,2,2,6
yglukhov/rod,11,15,65
Kyria/LazyBlacksmith,8,9,29
rails-girls-summer-of-code/rgsoc-teams,26,152,65
Screenly/screenly-ose,89,413,1016
bitrich-info/xchange-stream,54,233,396
paolodedios/pybuilder,1,0,0
leprikon-cz/leprikon,0,0,2
CapnBry/HeaterMeter,96,74,365
tlily/tigerlily,8,6,10
flycheck/flycheck,60,343,1904
fabiencro/knmt,5,15,41
edwardspec/mediawiki-moderation,5,10,12
stephanmahieu/formhistorycontrol-2,2,7,16
tessel/t2-cli,32,60,112
prebid/prebid.github.io,34,498,35
lionsoul2014/jcseg,90,202,718
djsegal/julia_observer,7,4,50
SteamDatabase/ValveResourceFormat,43,87,438
joyent/sdc-imgapi,45,16,5
ram-on/SkyTube,62,222,693
JUG-Ostfalen/JUG-Ostfalen.github.io,3,4,2
xaizek/uncov,2,0,0
CSE-CSUSB/Website,17,9,7
ckemere/ELEC327,3,18,2
qvacua/vimr,121,132,4553
Waziup/waziup.io,6,6,6
kipr/libwallaby,10,12,13
joblib/joblib,55,257,1911
structurizr/java,60,211,678
Dallinger/Dallinger,5,23,71
KDE/kitemmodels,1,2,10
bemusic/bemuse,22,104,678
square/leakcanary,1049,3605,24502
MaartenBaert/ssr,99,202,1426
pvilas/pvilas.github.io,1,0,0
xiaojinzi123/Component,18,173,1749
hmrc/gmp-frontend,38,1,0
lightspeeddevelopment/tour-operator,7,2,8
matthiaskoenig/libsbgn-python,5,0,2
bitrise-io/osx-box-bootstrap,7,29,98
open-eid/MOPP-Android,14,8,9
Popmotion/popmotion,261,633,17614
mikutter/mikutter,17,11,88
orange-cloudfoundry/cf-ops-automation,8,4,19
salilab/saliweb,2,3,4
lutoma/xelix,5,4,41
googleapis/nodejs-storage,45,197,435
mailjet/wordpress-mailjet-plugin-apiv3,24,12,16
devgateway/dg-toolkit,8,5,6
restsharp/RestSharp,459,2009,7121
jupyter-widgets/ipywidgets,65,622,1782
ONLYOFFICE/doc-builder-testing,19,9,1
MiniProfiler/dotnet,122,457,1902
3scale/3scale_toolbox,26,11,23
pywr/pywr,10,25,44
spacecowboy/Feeder,17,32,99
pepeizq/Steam-Deals,2,2,5
stb-tester/stb-tester,39,82,130
pybuilder/pybuilder,98,217,1190
arcivanov/pybuilder,0,1,0
tdaylan/pcat,3,3,2
FreemapSlovakia/freemap-v3-react,7,10,16
GNOME/gxml,3,4,10
GATB/DiscoSnp,10,13,19
icescrum/iceScrum-core,7,23,33
steffest/BassoonTracker,28,32,608
Hitchwiki/MyHitchhikingSpots-for-Android,3,2,8
tamasgal/km3pipe,4,3,12
CxAalto/gtfspy,13,17,85
s-takeuchi/YaizuComLib,1,1,0
paiden/Nett,14,20,196
alorozco53/alorozco53.github.io,2,0,1
SilentChaos512/SilentGems,9,15,34
eclipxe13/CfdiUtils,8,18,33
gskinner/regexr,180,692,6507
KWARC/rust-libxml,3,17,17
concord-consortium/building-models,15,3,5
verybadcat/CSharpMath,17,11,105
olivierlar/miningsuite,14,3,37
undisbeliever/untech-engine,5,0,20
pshrmn/curi,7,8,250
hramotradnoe/hramotradnoe.github.io,1,0,1
ebassi/graphene,19,50,238
nusskylab/nusskylab,10,24,12
subscriptions-project/scenic-demo,13,13,5
io7m/jspatial,2,1,10
luisbarrancos/appleseed-maya2,3,0,0
appleseedhq/appleseed-maya,29,20,73
edx/edx-proctoring,95,44,18
gbif/crawler,17,3,3
mmasdeu/darmonpoints,1,3,1
parentnode/manipulator,3,8,6
cppwfs/spring-cloud-task,1,0,1
beNative/LogViewer,5,10,20
spring-cloud/spring-cloud-task,56,210,265
ianfleeton/zmey,1,1,0
VoIPGRID/vialer-ios,15,20,42
elw00d/consoleframework,45,50,429
cirosantilli/linux-kernel-module-cheat,94,274,1627
Backs/judge.net,3,2,2
henrypp/chrlauncher,35,45,408
kwiato88/EditorPlugins,0,0,0
rinigus/osmscout-server,16,20,82
endlessm/gnome-initial-setup,32,3,1
MageRings/draftomatic,4,1,3
PrismJS/prism,116,924,7772
lando/lando,70,375,2123
fitpay/fitpay-ios-sdk,23,7,3
GeorgeMKhoury/skpr,0,0,0
silkimen/cordova-plugin-advanced-http,10,151,229
ngageoint/geopackage-mapcache-android,19,11,25
kermith72/auto_install,2,9,5
varqox/sim,2,2,10
F5Networks/k8s-bigip-ctlr,45,94,142
bootleg/ret-sync,37,106,534
prumo/prumo,3,0,0
SciLifeLab/genomics-status,18,17,10
jeffhammond/HPCInfo,21,36,138
bludit/bludit,67,171,649
NIPOSoftware/Nfield-SDK,13,3,7
openaustralia/planningalerts,14,43,53
BiRG/Omics-Dashboard,3,0,0
mossmann/hackrf,486,932,3229
rdk/p2rank,4,12,31
cellular-nanoscience/pyotic,1,1,0
MaridProject/marid,1,2,0
lincf0912/LFMediaEditingController,6,66,299
netease-im/NIM_iOS_UIKit,45,327,1205
mobxjs/mobx-state-tree,104,494,5282
tylermorganwall/skpr,6,7,72
CHEF-KOCH/regtweaks,77,130,557
keirf/Disk-Utilities,27,24,86
medooze/media-server-node,45,56,349
PeteLawrence/EagleWebsite,1,0,0
geocoder-php/Geocoder,140,481,3581
votinginfoproject/Metis,30,7,13
DemocracyClub/Website,3,9,7
thomasvl/gtm-session-fetcher,1,0,0
miykael/nipype_tutorial,5,52,59
cwcpark/cwcpark.github.io,1,0,0
TommyLemon/Android-ZBLibrary,226,1241,4499
opendevshop/devshop,14,74,145
bmun/huxley,16,41,25
getpelican/pelican-plugins,71,844,1220
alphagov/finder-frontend,27,2,5
tomcarbon/dogecoinmultisig,2,4,6
zalando/patroni,109,361,3130
iwalkalone69/kiwiirc,1,0,0
52North/javaPS,12,7,8
crowi/crowi,71,160,953
phetsims/capacitor-lab-basics,19,0,5
athrane/bassebombecraft,2,0,0
KDE/kgpg,2,1,8
WarpOrganization/warp,6,1,25
AuScope/AuScope-Portal,10,14,2
PeterWarren/AuScope-Portal,1,0,0
movsim/traffic-simulation-de,26,75,428
jennybeblog/jennybeblog.github.io,1,0,0
libktx/ktx,32,45,712
abrensch/brouter,26,56,143
GNOME/gbrainy,3,5,14
blake-regalia/graphy.js,9,1,65
phpmd/phpmd,62,298,1673
google/gtm-session-fetcher,27,103,125
prey/prey-node-client,40,75,295
FRESNA/powerplantmatching,16,15,31
scsheltierescue/scsheltierescue.com,1,0,0
nrenner/brouter,1,0,2
simon-anders/htseq,9,55,108
ethanwilkins/simplr,1,3,1
belgaard/Leantest,4,4,1
hiloteam/Hilo3d,4,5,76
jkahne/dotfiles,1,1,0
ajepst/XlsToEf,1,4,4
MatterHackers/MatterSlice,34,54,114
kerim/syllabi,1,0,1
Daniele122898/SoraBot-v2,4,2,5
DaveGamble/cJSON,239,1630,4200
rubygems/rubygems.org,98,783,1861
debops/debops,47,219,603
proinsias/gilbert-shannon-reeds,1,1,1
rhythmus-emulator/rparser,3,0,1
drybjed/debops,2,0,2
federicoiosue/Omni-Notes,152,916,2038
tim-group/tg-eventstore,11,2,7
jonathanvdc/cs-wasm,3,2,15
jtduchesne/Nestled,1,0,1
kmansouri/OPERA,6,12,15
Ocramius/ProxyManager,46,146,3593
unexpectedjs/unexpected,13,28,330
linuxmint/cinnamon-session,15,33,18
skerit/alchemy,3,3,1
dedis/kyber,49,91,341
conveyal/analysis-ui,5,12,35
bitwarden/web,64,177,1034
pywbem/pywbemtools,1,2,4
epfindia/epfindia.github.io,0,0,0
PopulateTools/gobierto-comparador-presupuestos,6,1,0
mendix/database-connector,18,15,5
butcherman/Tech_Bench,3,0,0
peterlembke/infohub,1,0,1
sportdb/sport.db,12,24,174
WSDOT/wsdot-ios-app,3,1,8
loganSims/wsdot-ios-app,2,0,1
bfabiszewski/ulogger-server,27,51,226
obono/ArduboyWorks,1,8,16
FXMisc/RichTextFX,51,182,770
airbnb/lottie-android,853,4541,28397
FAForever/client,27,89,66
Novartis/EQP-QM,30,0,3
frankkoch/moodle-mod_studentquiz,11,20,22
anchorcms/anchor-cms,195,599,3370
lightstep/lightstep-tracer-cpp,35,12,32
bombmanual/bombmanual.github.io,5,43,47
tiksn/TIKSN-Framework,1,2,6
gisma/uavRmp,4,9,5
ARM-software/optimized-routines,25,34,113
JGCRI/hector,16,20,44
ItsOnlyBinary/kiwiirc,2,0,0
lahwaacz/wiki-scripts,7,4,16
scgupta/scgupta.github.io,1,0,0
briot/geneapro,17,8,27
camsys/transam_spatial,11,2,1
kiwiirc/kiwiirc,30,111,336
Kunstmaan/KunstmaanGeneratorBundle,19,13,24
googleapis/nodejs-text-to-speech,18,64,208
FJFranklin/wifi-py-rpi-car-controller,1,1,0
pushtechnology/diffusion-rest-adapter,20,0,2
Bibliome/alvisir,3,1,5
nicolargo/glances,511,1033,15583
Karbovanets/Karbowanec-Blockchain-Explorer,13,141,43
SayakMukhopadhyay/elitebgs,5,6,28
advantys/workflowgen-templates,5,0,1
akopytov/sysbench,168,611,3034
oysteinkrog/thing_libutils,1,1,2
MemsourceDemo/MemsourceDemo,0,1,0
MeanEYE/Sunflower,32,33,292
PyPlanet/PyPlanet,12,14,44
whole-tale/dashboard,14,2,5
jeantimex/javascript-problems-and-solutions,1,0,0
teampheenix/StarCraft-Casting-Tool,1,7,12
AmericanNumismaticSociety/migration_scripts,4,0,2
jmltn/jamesmilton.me,1,0,0
sklprogs/mclient,1,0,0
MazamaScience/PWFSLSmoke,11,3,8
kewashi/HousePanel,12,27,35
shannon-lab/zapdos,4,10,6
lindsayad/zapdos,4,18,7
benjaminfurman/benjaminfurman.github.io,1,0,0
fperana/WiRL,0,0,0
lminuti/WiRL,1,0,1
augcog/OpenARK,28,77,182
delphi-blocks/WiRL,45,46,108
haraneesh/mydev,1,0,0
google/flexbox-layout,448,1610,15319
centic9/poi-benchmark,1,1,0
joaohf/meta-erlang,4,21,22
Countly/countly-sdk-android,73,273,599
DomenicoMammola/OboCL,3,7,12
dac1976/CoreLibrary,1,0,6
shysaur/Fragaria,8,20,51
oridb/mc,18,30,299
osalabs/osafw-asp.net,2,2,0
mam1/Pcon-TNG,0,0,0
Convolvr/convolvr,3,4,15
guidance-guarantee-programme/pension_guidance,8,8,4
tohojo/flent,24,54,220
JanMiksovsky/elix,1,0,0
spinnaker/gate,85,542,82
javiereguiluz/EasyAdminBundle,0,0,5
vishnugonela/devstack,1,1,0
OpenDrift/opendrift,18,48,73
line/line-bot-sdk-java,77,782,431
elix/elix,22,30,374
studybuffalo/studybuffalo,1,0,1
jubitaneja/souper,3,0,1
Sowapps/orpheus-website,1,1,0
Linaro/test-definitions,28,48,13
matthias-k/pysaliency,5,20,64
statgen/locuszoom,12,22,84
scottlamb/moonfire-nvr,29,40,284
dotwebstack/dotwebstack-framework,10,8,9
macropeople/macrocore,3,3,11
atomicjolt/lti_starter_app,9,2,11
ellmetha/django-machina,40,77,379
huiyan-fe/mapv,151,690,2006
OpenClinica/enketo-express-oc,9,13,5
jon-turney/cygwin-setup,2,1,1
yosiakatsuki/ystandard,2,4,22
Aferide/Aferide.github.io,0,0,0
Village-X-Org/Site-v2,0,0,0
dfahlander/Dexie.js,107,374,5036
GNOME/gnome-disk-utility,11,16,29
carbon/Amazon,1,4,11
overblog/GraphQLBundle,43,137,546
velnias75/NetMauMau,3,2,16
NERC-CEH/irecord-app,7,1,1
cityofasheville/simplicity2,7,8,8
database-rider/database-rider,14,61,272
ARPA-SIMC/wreport,7,3,5
viblo/pymunk,16,88,375
jimjag/ponymail,1,0,0
toastkidjp/Yobidashi_kt,1,0,1
ctmarinas/stgit,15,17,90
praw-dev/praw,73,365,2061
dpgaspar/Flask-AppBuilder,155,836,2706
emacsmirror/stgit,1,0,0
Som-Energia/somenergia-generationkwh,3,0,2
desireevl/desireevl.github.io,1,1,1
mononobi/imovie,1,0,1
Thatsmusic99/HeadsPlus,1,8,3
tyler-skorczewski-math/tyler-skorczewski-math.github.io,0,0,0
atk4/ui,19,79,275
biorack/metatlas,12,6,11
antonycourtney/tabli,17,24,200
justcoding121/Titanium-Web-Proxy,70,286,855
square/okio,274,994,6898
xamoom/xamoom-ios-sdk,4,3,4
carthage-college/django-djforms,4,0,1
toolbox4minecraft/amidst,94,132,1054
jtemporal/jtemporal.github.io,1,28,7
horsefaced/AgoraCLI,4,13,21
GoogleCloudPlatform/nodejs-docs-samples,92,1302,1832
lexus2k/ssd1306,19,54,213
mikeireland/chronostar,4,1,1
kghose/groho,2,1,9
openseadragon/browser-extension,5,1,7
santa01/graphene,1,1,3
locomotivecms/steam,10,45,34
vimeo/VimeoNetworking,22,32,67
FastLED/FastLED,331,969,3673
mhvk/baseband,3,20,13
xenit-eu/dynamic-extensions-for-alfresco,24,31,75
uclapi/uclapi,5,14,28
laccore/coretools,5,0,8
SAP2Moose/SAP2Moose,9,9,28
apiaryio/dredd,78,262,3318
firebase/FirebaseUI-iOS,148,390,1208
JimSeker/ui,9,25,23
rclab-auth/gidopensees,21,17,34
Leaflet/Leaflet,953,4440,27360
HoogieMan/google-python-exercises,0,0,0
DigitalPebble/storm-crawler,77,206,627
EliverLara/Ant,17,35,558
Snaipe/Criterion,50,112,930
evoldoers/historian,1,1,5
clement911/ShopifySharp,1,0,0
googleapis/python-storage,8,8,6
WebReflection/hyperHTML,83,96,2637
grails-plugins/grails-spring-security-core,46,216,231
swarmpit/swarmpit,46,136,1419
SimonZgx/SimonZgx.github.io,0,0,3
flask-admin/flask-admin,162,1181,4140
BLSQ/orbf2,7,3,3
phpmyadmin/sql-parser,21,72,246
lpereira/lwan,310,546,5148
census-instrumentation/opencensus-website,27,141,35
ef-gy/blog,5,0,6
chylex/TweetDuck,11,10,103
jimwins/scat,15,21,30
lcgamboa/picsimlab,6,15,31
CLVsol/clvsol_odoo_addons,2,5,1
LGhassen/Scatterer,26,40,115
lavecinal/lavecinal.github.io,1,0,0
jmad/aloha,6,0,0
marpies/onesignal-ane,11,4,39
philippebeck/philippebeck,1,1,3
PKRoma/git-tfs,0,0,0
silverbulleters/vanessa-runner,27,58,100
SuperAwesomeLTD/sa-mobile-sdk-android,33,1,1
smalljobs/smalljobs,1,2,0
kubernetes-incubator/kube-aws,86,274,1116
GoogleCloudPlatform/click-to-deploy,29,211,382
lordrasmus/libcwebui,1,0,0
postmanlabs/postman-collection,34,81,189
seanox/devwex-test,1,0,0
BrendelGroup/AEGeAn,2,9,16
tangrams/tangram,96,250,1579
chall32/chall32.github.io,1,0,0
Comunitea/CMNT_00098_2017_JIM_addons,7,3,1
Charcoal-SE/metasmoke,15,29,36
Soulofdestiny/os-autoinst,1,0,0
dangeredwolf/ModernDeck,4,12,55
helm/charts,379,13748,12631
adigostin/mstp-lib,4,3,11
rafaelpassarela/delphi-data-flash,1,3,1
kompisbyran/Kompisbyran,6,12,4
ioscreator/ioscreator,432,1909,3512
dreamhead/moco,262,811,3072
yast/yast-autoinstallation,25,21,9
ICOS-Carbon-Portal/meta,10,0,2
MicrosoftLearning/WebAPIDesign,40,115,128
doskonaleszare/doskonaleszare.github.io,1,1,1
stripe/veneur,40,123,1413
xwp/stream,54,86,302
evanj/veneur,1,0,1
ampproject/worker-dom,59,92,2300
calliope-project/calliope,17,39,110
radicallyopensecurity/pentext,13,24,50
aio-libs/aiokafka,19,95,399
binjr/binjr,5,12,72
ms609/citation-bot,10,18,17
bubbleboy14/cantools,2,1,2
Emile666/stc1000_stm8,12,8,28
mediafactory/yats,11,17,46
os-autoinst/os-autoinst,20,139,95
dblock/grape,2,2,4
skylines-project/skylines,29,80,268
YunoHost/yunohost,47,142,568
dgknght/clj-money,1,0,1
knative/eventing-contrib,27,165,171
parmaja/miniedit,5,12,29
thrig/scripts,2,1,13
amcdawes/QMlabs,5,10,23
wso2/carbon-analytics-common,138,178,5
mgatland/girlcode,1,0,0
keel-hq/keel,29,125,1349
omnirom/android_packages_apps_OmniSwitch,28,134,45
ruby-grape/grape,223,1141,9071
tristanstraub/clj-trek,0,1,0
art-institute-of-chicago/data-aggregator,2,3,18
napalm-automation/napalm,190,403,1432
catalyst-cooperative/pudl,9,39,131
jaquadro/StorageDrawers,24,76,100
adrn/gala,10,23,59
WireMock-Net/WireMock.Net,15,80,290
kingaa/pomp,13,21,61
google/blockly-games,106,441,888
griffithlab/dgi-db,39,23,57
nicolas-grekas/Twig,1,0,0
jdber1/opendrop,8,10,7
nickanderson/cfengine-training,0,3,3
JohnBSmith/moss,2,1,22
ChristophWurst/weinstein_server,2,0,1
GoogleChrome/lighthouse-ci,38,137,2558
neo4jrb/activegraph,47,258,1288
Staartvin/Autorank-2,15,57,45
reallyasi9/riddlers,1,0,0
cruncher/sparky,4,2,10
proemmer/papper,2,1,1
KDE/knewstuff,1,2,8
kaosborn/KaosCollections,2,0,5
tomitribe/crest,21,17,39
savoirfairelinux/ring-client-gnome,16,19,63
BridgesUNCC/bridgesAPI,4,3,1
bootique/bootique,144,282,1279
gooddata/gooddata-js,37,73,18
android-plugin/uexScanner,5,9,0
GNOME/niepce,3,1,2
alpheios-project/inflection-tables,4,2,3
GrahamDumpleton/mod_wsgi,66,215,840
hfiguiere/niepce,1,0,2
InsaLan/insalan.fr,15,12,6
ij-plugins/ijp-toolkit,3,2,5
CenterForOpenScience/cas-overlay,6,21,15
conversationai/conversationai-models,14,33,103
fabian-beck/survis,8,32,110
aqibsaeed/aqibsaeed.github.io,1,0,3
gavlaaaaaaaa/gavlaaaaaaaa.github.io,1,1,2
chartjs/Chart.js,1456,10250,47853
danielgerlag/workflow-core,190,513,2043
ONLYOFFICE/sdkjs-plugins,23,60,61
RoboJackets/apiary,9,5,14
danielnaber/openthesaurus,13,24,108
CommunityForge/www,5,7,2
touletan/Chart.js,0,0,0
ops-org/operacao-politica-supervisionada,26,9,42
scc-digitalhub/AAC,18,0,1
goodjoblife/GoodJobShare,7,9,43
urwid/urwid,60,239,1853
mirus77/DelphiEET,11,6,18
Cangol/Cangol-appcore,2,7,21
deepstreamIO/deepstream.io,185,361,6617
sjug/perf-tests,1,2,0
oVirt/ovirt-web-ui,43,43,46
sapcc/kubernikus,20,20,88
framasoft/ep_mypads,15,5,17
patelkevin/patelkevin.github.io,1,0,0
thomasyu888/synapsePythonClient,1,0,0
9nix6/Median-and-Turbo-Renko-indicator-bundle,11,14,35
gorhill/uMatrix,241,240,3723
FlexBE/flexbe_app,6,23,25
TheBastionBot/Bastion,18,218,182
gregoil/rotest,4,6,23
testpress/ios-app,3,0,2
Samfundet/Samfundet,19,3,18
ngageoint/mage-android,23,15,29
hulthe/LaggIT,3,1,1
dadhi/ImTools,3,3,65
Esri/arcgis-runtime-toolkit-qt,29,35,53
mwaskom/seaborn,241,1179,6977
XKNX/xknx,19,56,94
rn/linuxkit,1,0,2
fliptop2/fliptop2.github.io,1,0,0
konstruktoid/linuxkit,1,0,2
linuxkit/linuxkit,258,769,6136
fullsync/fullsync,5,7,17
cobexer/fullsync,1,0,0
adessoAG/devblog,6,63,13
bioimaginggroup/bioimagetools,1,0,3
systbiol/reports,10,3,0
ainopara/Stage1st-Reader,6,4,16
srg70/pvr.puzzle.tv,3,4,6
benmvp/slides,3,2,5
Ouranosinc/Magpie,12,1,0
deitch/linuxkit,1,0,0
john30/ebusd,50,57,177
openstack/cloudkitty,28,44,129
librosa/librosa,132,594,3407
GoogleChrome/samples,350,2088,4726
vinigarcia87/storms-framework,2,0,0
mrf345/FQM,12,11,35
SteppoFF/ita-matrix-powertools,25,51,116
MetalPetal/MetalPetal,32,76,588
adamhwang/ita-matrix-powertools,2,0,1
rncbc/qjackctl,11,15,66
square/kotlinpoet,58,153,2208
soniccat/android-taskmanager,0,0,0
chunshen1987/hadronic_afterburner_toolkit,1,4,1
Harmon758/Harmonbot,2,6,16
theislab/scanpy,44,229,593
foxinboxx/foxlabs-validation,1,0,0
chrisfinazzo/jekyll,1,0,1
jekyll/jekyll,1458,8776,40037
kee-org/browser-addon,34,32,356
jwtk/jjwt,268,916,6111
sillsdev/hearthis,8,6,2
pytroll/pyresample,11,60,159
dansan/spring-replay-site,4,2,10
elexis/elexis-server,4,8,1
arguelles/nuSQuIDS,6,20,8
CoderDojo/cp-zen-frontend,12,10,2
ruby-x/ruby-x.github.io,1,1,0
thpatch/thcrap,31,19,182
mattgwagner/Cash-Flow-Projection,1,0,1
ravidavi/OpenFrames,7,6,18
jonaprieto/athena,0,2,4
nodegit/nodegit,74,608,4456
lutris/website,12,42,61
jdyeakel/jdyeakel.github.io,1,1,0
Martchus/syncthingtray,9,11,136
sonata-project/SonataPageBundle,38,202,173
crabcanon/crabcanon.github.com,1,0,2
netdisco/netdisco,43,50,214
nozzlegear/ShopifySharp,45,125,284
regl-project/regl,88,220,3517
lxerxa/actionview,66,225,1023
eventbrite/britecharts,188,224,3607
griff/metaz,43,52,319
timhutton/livingphysics,4,0,11
gibil5/openhealth,1,3,1
desmid/mview,3,9,12
spinnaker/echo,77,491,49
myshzzx/mlib,0,5,4
gpodder/mygpo,10,49,122
SuperAwesomeLTD/sa-mobile-sdk-ios,27,3,2
kubernetes/perf-tests,31,216,383
electric-eloquence/fepper-npm,1,0,0
georocket/georocket,7,20,42
Hains/openpli-dm8000-oe-core,1,1,0
AquaticEcoDynamics/GLM,13,14,16
zalando/riptide,22,25,129
robcog-iai/USemLog,2,9,5
TI-Planet/Project-Builder,6,1,6
PyCQA/baron,14,47,231
genome-nexus/genome-nexus,11,26,19
equeim/tremotesf2,4,2,32
nodeca/nodeca.users,11,8,7
nvdaes/nvdaes.github.io,3,2,0
tonikelope/megabasterd,36,115,701
ekyna/CmsBundle,1,1,1
CE-Programming/toolchain,23,28,163
tsherwen/AC_tools,6,9,2
googlecodelabs/tools,81,398,1246
rfay/ddev,2,0,0
at-internet/atinternet-android-sdk,7,9,8
igormironchik/globe-como,1,1,1
xsolla/xsolla-sdk-android,16,0,4
kimwalisch/primecount,17,22,152
honzi/honzi.github.io,1,0,1
josephbakarji/Gluvn,3,1,0
rootulp/exercism,1,9,25
Kunstmaan/KunstmaanAdminBundle,19,30,58
harvard-lil/h2o,7,12,8
opengisch/QField,46,87,213
wso2/carbon-dashboards,248,116,14
Winetricks/winetricks,84,204,1197
cloojure/tupelo,14,9,343
renalreg/radar-client,2,2,1
seththeriault/ita-matrix-powertools,0,0,0
esdalmaijer/PyGaze,42,155,357
census-instrumentation/opencensus-cpp,29,43,109
JohnAustinDev/osis-converters,4,3,3
giantswarm/aws-operator,20,21,88
knut7/framework,1,1,1
kursjan/petitparser2,9,9,28
denglert/manuals,1,1,3
jqno/equalsverifier,19,64,430
jasnow/adopt-a-hydrant,0,0,0
prodot/ReCommended-Extension,9,7,35
kevenli/scrapydd,1,1,2
5g-empower/empower-runtime,16,35,25
googleapis/google-cloud-cpp-common,7,9,12
trskop/command-wrapper,3,0,6
hbp-unibi/cypress,5,2,8
Seuntjie900/DiceBot,22,91,83
ergosimulation/mpslib,12,8,20
MRChemSoft/mrcpp,6,8,6
cc-hpc-itwm/GPI-2,16,20,44
strow/rtp_prod2,3,1,1
oktal/pistache,110,467,1898
splitice/IPTables.Net,1,4,14
IdoramNaed/idoramnaed.github.io,1,0,0
yxeri/roleHaven,3,3,4
beachio/beach-api-core,9,0,3
variar/klogg,6,16,75
worknenjoy/gitpay,13,78,92
Nanosim-LIG/boast,8,3,11
svenkubiak/mangooio,11,16,49
vazco/uniforms,35,153,1024
nordfalk/EsperantoRadio,4,1,5
TTWShell/algorithms,2,3,6
cybertec-postgresql/pgwatch2,49,131,732
espressif/esptool,220,829,3028
michael-rapp/ChromeLikeTabSwitcher,35,137,1127
CharlBest/nean-stack-starter,3,5,21
realvizu/QuickDiagram,7,19,81
tigron/tiny-invoice,6,3,4
google/souper,62,110,1203
regehr/souper,3,0,3
OpenHumans/open-humans,14,22,45
codaco/Network-Canvas,10,17,42
timeoff-management/timeoff-management-application,42,334,566
hee0624/hee0624.github.io,1,0,0
pypa/setuptools,66,585,1003
Backendless/Android-SDK,16,41,52
pattern-lab/patternlab-node,78,373,1664
networknt/light-oauth2,35,63,225
comses/catalog,3,3,1
michael-rapp/AndroidMaterialDialog,9,26,161
erykoff/redmapper,9,4,12
arthurljones/dotfiles,1,0,0
pythonprobr/pythonpro-website,7,31,25
cambridgehackers/atomicc,3,0,2
fdesjardins/webgl,2,0,3
fitpay/fitpay-android-sdk,20,5,8
couchbase/cbgt,15,8,12
hmrc/nisp-frontend,38,6,5
FedericoPecora/coordination_oru,8,11,19
dwavesystems/dimod,16,37,53
isalnikov/ACMP,1,0,1
bitrise-io/bitrise-workflow-editor,13,19,68
portsmouth/snelly,13,17,233
rubycentral/cfp-app,23,149,191
emilybache/GildedRose-Refactoring-Kata,37,1737,1107
aimeos/ai-controller-jobs,2,10,13
go-playground/validator,84,435,4949
Bwar/Nebula,25,87,254
googleads/googleads-mobile-android-mediation,40,108,127
SIDN/spin,11,7,28
AquaticInformatics/aquarius-sdk-net,24,8,2
nansencenter/nansat,31,51,144
gibiansky/IHaskell,48,223,2081
TryGhost/Ghost-CLI,28,124,267
witkovsky/CharFunTool,3,3,4
pageseeder/docx,5,0,2
mseemann/angular2-mdl,22,96,557
dropbox/DropboxBusinessAdminTool,29,12,31
mikegioia/libremail,6,6,42
crowd42/crowd42.github.io,1,0,0
takenet/elephant,26,9,29
LuccaSA/lucca-front,30,4,12
KDE/breeze,7,27,84
silverstripe/silverstripe-cms,74,317,477
Klarence/klarence.github.io,1,0,2
qiime2/qiime2,39,129,206
QoboLtd/cakephp-cms,15,3,8
telabotanica/wp-theme-telabotanica,8,7,4
bonej-org/BoneJ2,8,7,8
Lootyhoof/australium,1,1,3
Jungwoon/jungwoon.github.io,1,0,0
Alfresco/gytheio,51,6,19
dankelley/oce-issues,3,2,0
lightspeeddevelopment/wetu-importer,7,1,1
caterinaurban/Lyra,4,9,18
eeg-ebe/eeg-ebe.github.io,2,0,1
VUIIS/dax,20,16,17
android/user-interface-samples,57,353,961
otto-de/edison-microservice,29,59,86
CoderDojo/cp-zen-platform,21,65,18
enilu/web-flash,34,213,735
carlthome/librosa,1,0,0
FabianHahn/shoveler-spatialos,1,0,4
DataDog/omnibus-ruby,47,7,1
H-uru/korman,10,9,17
vadimcn/vscode-lldb,20,73,596
devstopfix/elixoids,0,1,4
tensorflow/benchmarks,189,513,772
nuobit/odoo-addons,3,9,1
Harmon758/discord.py,1,0,0
opa334/SafariPlus,11,40,103
alibaba/easyexcel,510,3512,13425
thelinmichael/spotify-web-api-java,29,164,421
lindegroup/autopkgr,76,40,382
MTUHIDE/CoCoTemp,11,2,4
Rapptz/discord.py,223,1314,4377
OADA/oada-srvc-docker,12,46,9
it4history/Logy.Exchange,1,1,1
guillaume-sainthillier/ByNight,2,3,3
ttdoda/MyFleetGirls,4,2,6
simpeg/discretize,21,10,68
floooh/floooh.github.io,2,3,4
KDE/wacomtablet,10,7,41
dart-lang/protobuf,47,90,231
netgen/TagsBundle,9,33,47
ruby-no-kai/cfp-app,20,9,10
dart-lang/protobuf,47,90,231
kreativekorp/vexillo,3,2,7
dbca-wa/wastd,6,1,0
SoftwareHeritage/swh-storage,3,0,4
kaola-fed/nek-ui,7,18,49
TheMITTech/thetech.com,11,3,12
HERA-Team/hera_mc,33,2,3
google/ml-metadata,18,28,127
drud/ddev,36,165,623
uol/mycenae,7,7,11
wieslawsoltes/Draw2D,10,15,117
riganti/selenium-utils,29,5,9
fuinorg/event-store-commons,4,2,15
AndrewAnnex/SpiceyPy,20,52,150
karthik-sethuraman/TAPI,2,1,0
google/model-viewer,64,135,1397
tumic0/GPXSee,23,48,246
slateci/slateci.github.io,2,6,2
SMRUCC/ncbi-localblast,0,1,2
MiczFlor/RPi-Jukebox-RFID,51,196,476
openHPI/xikolo-ios,11,5,24
danforthcenter/plantcv,45,126,262
phetsims/graphing-quadratics,12,1,1
muellan/metacache,4,3,21
cyberark/conjur,38,66,363
Gurux/GXDLMSDirector,7,15,6
conveyal/gtfs-lib,12,28,32
itpp-labs/misc-addons,69,537,237
NLCR/komplexni-validator,12,1,6
pnwairfire/bluesky,7,5,11
pallets/jinja,252,1292,6948
ukui/ukui-control-center,17,11,6
mmkal/handy-redis,5,7,80
arielmachini/Colibri,0,0,1
hh-italian-group/hh-bbtautau,9,7,1
n2o/dpb,2,0,0
GoogleCloudPlatform/cloud-foundation-toolkit,20,110,132
Learnosity/learnosity-demos,63,27,24
youlookwhat/CloudReader,153,1199,4182
CreeperHost/CreeperHostGui,6,12,6
mlund/faunus,5,23,39
pqrs-org/KE-complex_modifications,49,454,570
bjornstenqvist/faunus,0,0,0
testpress/android,5,0,4
petrdsvoboda/prototype-orders,1,0,2
sferik/rails_admin,159,2133,7283
circleci/circleci-docs,95,806,421
dalpo/rails_admin,1,0,1
ChimeraTK/ApplicationCore,5,1,0
hlino/hlino.github.io,1,1,0
serverfireteam/panel,30,164,428
econ-ark/HARK,29,131,149
openillink-project/openillink,2,2,3
ethereum/remix,70,365,936
chrisbanes/tivi,149,347,2687
CenturyLinkCloud/mdw-demo,4,2,30
ist-dresden/composum-platform,5,0,2
mate-desktop/mate-session-manager,15,32,17
NSLS-II/PyXRF,14,18,12
Eawag-AppliedSystemAnalysis/Simstrat,4,5,4
dgesswein/mfm,5,3,8
xamoom/xamoom-android-sdk,5,4,5
overviewer/Minecraft-Overviewer,115,362,2243
folio-org/ui-users,24,30,2
sinfin/folio,5,1,2
firebirdberlin/nightdream,4,4,10
alexeagle/rules_nodejs,1,1,3
mitodl/odl-video-service,16,0,3
bitcraze/crazyflie2-nrf-firmware,13,69,40
google-research/tensor2robot,26,52,292
RRZE-Webteam/FAU-Einrichtungen,10,7,12
gunsluo/go-example,1,1,5
DBCG/cqf-ruler,21,24,27
Shopify/unity-buy-sdk,147,9,35
neilbrown/edlib,6,0,38
jyruzicka/tracks,1,0,1
phetsims/beers-law-lab,18,3,2
GoogleCloudPlatform/deploymentmanager-samples,75,476,666
nbgallery/nbgallery,14,17,109
TracksApp/tracks,74,528,935
atsepkov/RapydScript,32,54,494
CHERTS/mspeech,6,7,25
junit-team/junit5,264,859,3812
Inactionware/uapi.cornerstone,1,1,1
nacs-lab/libnacs,2,0,0
Ovid/ovid.github.com,3,8,10
GNOME/gtranslator,5,5,6
alphagov/publisher,93,38,34
sql-machine-learning/sqlflow,152,558,3670
TinoDidriksen/cg3,4,4,6
sqlp/sedumi,20,70,130
bazelbuild/rules_nodejs,35,263,333
sbooth/SFBAudioEngine,20,56,290
sta/websocket-sharp,276,1122,3475
mkmiecik14/mkmiecik14.github.io,2,0,1
infobip/mobile-messaging-sdk-ios,13,7,34
MobSF/Mobile-Security-Framework-MobSF,352,1594,5697
bccp/nbodykit,19,36,63
lamassu/lamassu-machine,12,92,75
tensorflow/neural-structured-learning,39,88,620
industrial-data-space/trusted-connector,11,14,19
NordicSemiconductor/Android-nRF-Toolbox,94,365,684
openforis/collect-mobile,10,6,16
phpbench/phpbench,38,71,1048
pedroSG94/rtmp-rtsp-stream-client-java,61,315,927
xqin/miniflux,0,0,0
awkward/SDWebImage,10,0,0
hirschmann/nbfc,70,234,1182
zdavatz/AmiKo-iOS,3,2,0
WeihanLi/WeihanLi.Common,3,31,65
CZ-NIC/turris-updater,15,3,11
RailsEventStore/rails_event_store,32,74,795
MoveOnOrg/Spoke,33,187,227
firebase/quickstart-ios,184,1217,1862
KE-works/pykechain,5,2,2
kakysha/byteball,1,0,0
Andreasdahlberg/sillycat,1,0,0
Pryaxis/TShock,114,231,988
svenbluege/pel,1,0,0
belathus/Wanderlust-Renewed,5,5,16
apages2/pluginjeedom-boxio,5,3,1
KainosSoftwareLtd/TechRadar,346,4,1
viltgroup/minium,12,6,26
cnobile2012/inventory,4,3,6
dutscher/trialstrackmap,1,9,7
vortex-exoplanet/VIP,13,30,44
kolyshkin/runc,1,0,0
RazorDude/ramster,0,1,1
InsightSoftwareConsortium/SimpleITK-Notebooks,50,189,347
estesp/runc,1,0,0
bcgov/ckanext-bcgov,21,18,17
sbmako/NServiceBus.MongoDB,10,8,13
zivy/SimpleITK-Notebooks,1,0,1
domino14/Webolith,5,6,25
spraakbanken/korp-frontend,6,6,7
solarwinds/OrionSDK,128,90,235
asciidoctor/asciidoctor-intellij-plugin,14,63,202
xaos-project/XaoS,13,25,146
KDE/kdeconnect-android,25,79,311
auth0/Lock.swift,56,97,200
piotrl/github-profile-card,8,5,78
InRule/irAuthor-Extensions,11,0,2
raywenderlich/swift-algorithm-club,1514,3887,22553
LonamiWebs/Telethon,109,504,3450
CIRDLES/Topsoil,18,37,25
Aspekt1024/ClumsyBat,1,0,2
franzinc/agraph-python,9,8,19
zamojski/TowerCollector,9,8,46
hill-a/stable-baselines,56,366,1859
pjrinaldi/wombatforensics,3,1,8
NoraUi/NoraUi,5,28,42
entrepidea/projects,1,0,0
satijalab/seurat,68,409,738
HubSpot/jinjava,92,92,374
googleapis/google-cloud-java,147,927,1404
has2k1/plotnine,64,112,2132
nikclayton/android-squeezer,13,44,76
yesodweb/yesod,102,341,2213
jumpserver/luna,12,82,136
theshamuel/medregistry,0,0,0
hosseinmoein/DataFrame,36,83,466
leios/simuleios,22,37,136
yar229/WebDavMailRuCloud,48,47,333
GetJenny/starchat,8,27,59
kaaholst/android-squeezer,1,2,4
ashmind/SharpLab,36,89,924
onedata/helpers,3,1,0
UltraStar-Deluxe/UltraStar-Creator,5,6,11
pascallanger/DIY-Multiprotocol-TX-Module,114,215,642
bleachbit/bleachbit,44,128,777
TeselaGen/openVectorEditor,16,24,49
zv/zv.github.com,0,1,2
ros-infrastructure/ros_buildfarm,19,73,36
johnsietsma/johnsietsma.github.io,1,1,1
faramir/ZawodyWeb,2,1,4
mgian/bulbcalculator,1,0,1
jboss-logging/jboss-logmanager,4,77,18
tsujan/FeatherPad,14,27,114
ca25nada/spawncamping-wallhack,9,9,46
Nextdoor/bender,31,15,160
exilon/QuickLib,39,39,167
takamin/mz700-js,2,0,15
haskell/haskell-mode,50,305,1060
emacsmirror/haskell-mode,0,1,1
opencontainers/runc,387,1251,6778
okTurtles/group-income-simple,18,36,300
Softcatala/wp-softcatala,11,1,1
riebl/artery,19,46,71
ministryofjustice/prison-visits-2,12,4,7
NethServer/nethserver-firewall-base,13,17,6
jembi/openhim-console,26,9,3
wikimedia/mediawiki-extensions-Echo,9,13,20
funnelback/funnelback-mapping,1,0,1
rwdavies/STITCH,5,11,22
Kotori316/QuarryPlus,1,5,17
tdiary/tdiary-core,38,65,146
paramiko/paramiko,325,1505,6137
panzer/RhymeTime,1,3,2
LuisGC/blog,1,2,0
HEPData/hepdata,7,8,21
AlxMedia/slanted,6,7,23
nvllsvm/Audinaut,7,10,63
bgribble/mfp,15,1,48
clinwiki-org/clinwiki,10,11,5
signintech/gopdf,38,120,881
link-intersystems/lis-commons,1,1,0
antonargunov/unity-branch-deep-linking,1,0,0
ze-pequeno/retrofit,1,0,0
cloudfoundry/ibm-websphere-liberty-buildpack,54,191,58
skjolber/external-nfc-api,14,27,104
chef/omnibus,112,261,1074
karolz-ms/diagnostics-eventflow,1,0,0
wijnandhoitinga/nutils,0,0,0
Jerey-Jobs/Jerey-Jobs.github.io,1,3,10
lino-framework/book,3,4,3
chrisl8/ArloBot,10,24,34
square/retrofit,1613,6480,35222
friederbluemle/ohmyzsh,1,2,2
mbiarnes/optaplanner-wb,2,1,0
szeidman/brewery,1,0,0
ohmyzsh/ohmyzsh,2595,19116,105765
gadobe/gadobe.github.io,0,0,0
SimplePortal/SimplePortal,11,9,18
dpoggi/oh-my-zsh,1,0,0
FStarLang/kremlin,47,38,253
dadhi/FastExpressionCompiler,28,45,467
TorchAPI/Torch,26,38,87
pallets/werkzeug,232,1427,5239
go-vgo/robotgo,194,489,4906
Parsl/parsl,29,51,201
MarxMustermann/OfMiceAndMechs,2,5,6
hajimehoshi/ebiten,86,176,2618
joeblankenship1/joeblankenship1.github.io,1,0,0
GoogleCloudPlatform/terraformer,71,234,2653
KDE/ksystemlog,1,1,2
Squarespace/template-compiler,21,6,34
picoCTF/picoCTF,13,62,137
KirillOsenkov/XmlParser,17,29,223
Xceptance/XCMailr,24,9,13
saulgray/nemioDev,1,12,2
tbl00c/TLChat,44,253,764
fatihhayri/fatihhayri.github.com,2,1,4
silverstripe/silverstripe-asset-admin,23,55,13
dbartolini/crown,76,94,1149
Amebis/ZRCola,1,0,1
aarnt/octopi,18,57,277
immortius/gestalt,2,0,0
Frenzie/koreader-base,1,0,0
MovingBlocks/gestalt,26,18,14
veidenbaums/visual-composer-starter,1,0,0
robinrodricks/FluentFTP,85,334,1274
cogu/autosar,35,62,81
dradis/dradis-ce,47,135,401
Admiral-Fish/PokeFinder,10,18,52
equeim/tremotesf-android,5,10,46
akrherz/pyIEM,3,5,18
jnidzwetzki/bboxdb,2,8,23
mshirdel/mshirdel.github.io,1,0,0
enketo/enketo-core,16,63,58
PasaiakoUdala/ZergaOrdenantzak,3,1,2
airbnb/knowledge-repo,203,581,4204
GNOME/gitg,11,20,108
contentful/contentful-management.java,14,17,19
appleseedhq/appleseed-max,27,10,33
koreader/koreader-base,19,66,63
NiLuJe/koreader-base,1,0,0
airbnb/react-dates,150,1494,10456
vdemeester/docker-py,1,0,0
docker/docker-py,209,1358,4646
CFLBajans/cflbajans,2,2,0
jsoftware/qtide,9,7,23
opencfp/opencfp,29,189,523
shundhammer/yast-installation,0,0,0
trackballs/trackballs,4,5,19
gcanti/fp-ts,93,216,3842
NimaAra/Easy.Common,17,43,264
darkbrow/iina,1,0,0
miniflux/miniflux,53,175,1701
Geod24/dub,2,0,0
linknx/linknx,11,15,24
Instagram/IGListKit,328,1257,11000
TheGeneGenieProject/GeneGenie.Gedcom,12,11,21
glimpseio/BricBrac,1,3,9
patternfly/patternfly,44,82,118
andreassjoberg/kettilsas-abc,1,0,1
lucyparsons/lucyparsonslabs.com,6,14,7
ratt-ru/CubiCal,16,7,6
googleads/googleads-mobile-ios-mediation,25,89,57
Tuxemon/Tuxemon,32,118,447
ttelford/oh-my-zsh,1,0,0
confluentinc/examples,68,385,559
alienth/oh-my-zsh,1,0,0
ebuc99/pacman,5,17,33
xfce-mirror/xfdesktop,3,17,31
jdob/oh-my-zsh,1,0,1
mroth23/oh-my-zsh,1,0,0
jameszhan/oh-my-zsh,1,0,0
feranick/SpectralMachine,4,22,27
Ajnasz/oh-my-zsh,2,1,2
sbebo/joypy,11,25,220
MarcoMengoli/marcomengoli.github.io,1,0,0
NIVeriStandAdd-Ons/Fuel-Injector-Analysis-Addon,13,0,1
duikboot/oh-my-zsh,1,0,0
tdtds/tdiarynet,1,0,2
kaethorn/oh-my-zsh,1,0,0
elliottt/oh-my-zsh,0,0,0
btolsch/oh-my-zsh,1,0,0
grahame/oh-my-zsh,1,0,0
BerlingskeMedia/nyhedsbreveprofil,19,0,1
NeoTheFox/oh-my-zsh,1,0,0
dedyk/JaponskiPomocnik,0,0,4
renalreg/radar,2,2,4
exhuma/oh-my-zsh,1,0,0
gateship-one/odyssey,12,35,143
elconejito/bang,1,0,0
CoRfr/oh-my-zsh,1,1,0
WP-Staging/wp-staging,3,4,5
OneIdentity/safeguard-ps,14,11,13
genehack/oh-my-zsh,1,0,2
honnix/oh-my-zsh,1,0,0
mcgrew/dwrandomizer,9,15,50
wendigo/chrome-reactive-kotlin,5,7,55
HubSpot/Baragon,25,25,101
dvdvideo1234/ZeroBraineProjects,2,0,0
geopython/OWSLib,32,202,198
kalxas/OWSLib,1,0,2
IISH/delivery,7,0,0
rncbc/qxgedit,3,0,6
libusb/libusb,257,1118,2443
MAPC/housingma,1,1,0
zyxakarene/LearningOpenGl,1,0,1
medericDelamare/USCL,0,0,0
go-acme/lego,103,522,3922
mrpatrick/oh-my-zsh,0,0,0
ocefpaf/OWSLib,1,0,0
tomkralidis/OWSLib,1,1,0
jeremyevans/roda,51,97,1463
gems-uff/prov-viewer,3,3,11
monological/oh-my-zsh,1,0,0
FoundatioFx/Foundatio,112,200,1214
linkedin/linkedin-gradle-plugin-for-apache-hadoop,25,67,105
yast/yast-installation,24,32,8
Wunderfitz/harbour-piepmatz,10,12,36
MRChemSoft/mrchem,7,11,14
sdl/Testy,17,28,25
Pyragon/cryogen-website,2,0,1
ronreiter/interactive-tutorials,113,1397,1493
Frommi/miniz_oxide,8,20,50
OCA/server-tools,160,944,344
Vauxoo/server-tools,15,5,2
firebase/FirebaseUI-Android,295,1678,3807
kasonyang/kalang,3,12,45
stansage/oh-my-zsh,1,0,0
mhoeher/opentodolist,6,4,25
BrettStory/Macabre2D,1,0,0
ARTFL-Project/PhiloLogic4,12,12,22
genialis/resolwe-bio,9,28,6
TimVanMourik/OpenFmriAnalysis,7,4,3
Riverscapes/pyBRAT,4,9,5
ndmitchell/shake,26,106,613
EBIvariation/variation-commons,11,14,2
ponty/eagexp,1,0,9
eiginn/oh-my-zsh,1,0,0
hipay/hipay-fullservice-sdk-magento1,9,12,5
ohlol/oh-my-zsh,1,0,0
leafty/oh-my-zsh,1,0,1
tompson/oh-my-zsh,1,0,1
avlcodemonkey/Dash,1,1,2
